"","team","season","value_added","va_off","va_def","value_lost","vl_off","vl_def","net_value","net_value_off","net_value_def"
"1","BAL",1999,15.493148,15.493148,0,0,0,0,15.493148,15.493148,0
"2","DAL",1999,26.944605,26.944605,0,36.006332,0,36.006332,-9.061727,26.944605,-36.006332
"3","WAS",1999,36.006332,0,36.006332,0,0,0,36.006332,0,36.006332
"4","KC",2000,6.998536,6.998536,0,0,0,0,6.998536,6.998536,0
"5","LV",2000,5.59187,5.59187,0,0,0,0,5.59187,5.59187,0
"6","SEA",2000,31.065945,0,31.065945,0,0,0,31.065945,0,31.065945
"7","BUF",2001,12.506885,0,12.506885,2.650596,2.650596,0,9.856289,-2.650596,12.506885
"8","DEN",2001,9.012025,9.012025,0,0,0,0,9.012025,9.012025,0
"9","HOU",2001,20.419403,0,20.419403,0,0,0,20.419403,0,20.419403
"10","NE",2001,2.721168,2.721168,0,0,0,0,2.721168,2.721168,0
"11","PHI",2001,2.945106,0,2.945106,0,0,0,2.945106,0,2.945106
"12","TB",2001,2.650596,2.650596,0,2.721168,2.721168,0,-0.0705719999999999,-0.0705719999999999,0
"13","ARI",2002,13.958697,13.958697,0,21.714268,21.714268,0,-7.755571,-7.755571,0
"14","DEN",2002,21.714268,21.714268,0,14.889277,14.889277,0,6.824991,6.824991,0
"15","IND",2002,5.304305,5.304305,0,0,0,0,5.304305,5.304305,0
"16","LV",2002,2.438119,2.438119,0,0,0,0,2.438119,2.438119,0
"17","MIA",2002,14.889277,14.889277,0,0,0,0,14.889277,14.889277,0
"18","WAS",2002,3.722319,3.722319,0,2.438119,2.438119,0,1.2842,1.2842,0
"19","BAL",2003,5.19719,0,5.19719,0,0,0,5.19719,0,5.19719
"20","DAL",2003,7.622546,7.622546,0,6.929587,6.929587,0,0.692959,0.692959,0
"21","DEN",2003,44.665493,0,44.665493,28.391098,28.391098,0,16.274395,-28.391098,44.665493
"22","MIA",2003,1.062538,1.062538,0,20.731014,20.731014,0,-19.668476,-19.668476,0
"23","MIN",2003,20.095803,0,20.095803,0,0,0,20.095803,0,20.095803
"24","NYG",2003,10.394381,10.394381,0,1.446551,0,1.446551,8.94783,10.394381,-1.446551
"25","TB",2003,27.660601,27.660601,0,10.694664,0,10.694664,16.965937,27.660601,-10.694664
"26","WAS",2003,51.299572,49.853021,1.446551,36.396184,0,36.396184,14.903388,49.853021,-34.949633
"27","ARI",2004,13.061988,13.061988,0,0,0,0,13.061988,13.061988,0
"28","CHI",2004,7.097012,7.097012,0,0,0,0,7.097012,7.097012,0
"29","CLE",2004,1.648422,1.648422,0,12.278269,0,12.278269,-10.629847,1.648422,-12.278269
"30","DAL",2004,19.209287,14.694737,4.51455,0,0,0,19.209287,14.694737,4.51455
"31","DEN",2004,12.278269,0,12.278269,9.143392,0,9.143392,3.134877,0,3.134877
"32","DET",2004,9.143392,0,9.143392,0,0,0,9.143392,0,9.143392
"33","KC",2004,23.55823,0,23.55823,0,0,0,23.55823,0,23.55823
"34","LV",2004,48.321767,30.205848,18.115919,0,0,0,48.321767,30.205848,18.115919
"35","MIA",2004,11.461895,0,10.204679,23.55823,0,23.55823,-12.096335,0,-13.353551
"36","NYJ",2004,21.25372,0,21.25372,16.987116,16.987116,0,4.266604,-16.987116,21.25372
"37","PHI",2004,1.763368,0,1.763368,0,0,0,1.763368,0,1.763368
"38","TB",2004,1.485801,0,0,18.115919,0,18.115919,-16.630118,0,-18.115919
"39","TEN",2004,7.959659,7.959659,0,1.763368,0,1.763368,6.196291,7.959659,-1.763368
"40","WAS",2004,16.987116,16.987116,0,0,0,0,16.987116,16.987116,0
"41","ARI",2005,20.529412,20.529412,0,8.211765,8.211765,0,12.317647,12.317647,0
"42","ATL",2005,20.529412,0,20.529412,0,0,0,20.529412,0,20.529412
"43","BAL",2005,28.467451,15.054902,13.412549,0,0,0,28.467451,15.054902,13.412549
"44","DEN",2005,21.761176,21.761176,0,13.412549,0,13.412549,8.348627,21.761176,-13.412549
"45","DET",2005,9.388511,9.388511,0,4.470849,0,4.470849,4.917662,9.388511,-4.470849
"46","GB",2005,26.394957,0,26.394957,21.761176,21.761176,0,4.633781,-21.761176,26.394957
"47","IND",2005,6.569412,0,0,20.529412,20.529412,0,-13.96,-20.529412,0
"48","KC",2005,16.423529,0,16.423529,0,0,0,16.423529,0,16.423529
"49","MIA",2005,4.470849,0,4.470849,7.801177,0,7.801177,-3.330328,0,-3.330328
"50","MIN",2005,19.160784,19.160784,0,11.537529,11.537529,0,7.623255,7.623255,0
"51","NE",2005,2.737255,0,2.737255,6.569412,0,0,-3.832157,0,2.737255
"52","NO",2005,31.204706,31.204706,0,0,0,0,31.204706,31.204706,0
"53","NYG",2005,5.063922,0,5.063922,0,0,0,5.063922,0,5.063922
"54","PHI",2005,1.498647,0,0,0,0,0,1.498647,0,0
"55","PIT",2005,4.790196,0,4.790196,0,0,0,4.790196,0,4.790196
"56","SEA",2005,9.922549,9.922549,0,19.160784,19.160784,0,-9.238235,-9.238235,0
"57","SF",2005,1.61498,1.61498,0,0,0,0,1.61498,1.61498,0
"58","TEN",2005,8.896078,8.896078,0,16.553549,15.054902,0,-7.657471,-6.158824,0
"59","BAL",2006,14.680871,14.680871,0,0,0,0,14.680871,14.680871,0
"60","CAR",2006,7.94055,7.94055,0,5.907317,5.907317,0,2.033233,2.033233,0
"61","CHI",2006,1.524073,0,1.524073,9.505607,9.505607,0,-7.981534,-9.505607,1.524073
"62","CLE",2006,1.556092,0,1.556092,0,0,0,1.556092,0,1.556092
"63","DAL",2006,1.114239,1.114239,0,3.022532,0,3.022532,-1.908293,1.114239,-3.022532
"64","DEN",2006,35.433638,35.433638,0,0,0,0,35.433638,35.433638,0
"65","HOU",2006,22.471232,22.471232,0,7.94055,7.94055,0,14.530682,14.530682,0
"66","JAX",2006,2.100404,0,2.100404,0,0,0,2.100404,0,2.100404
"67","KC",2006,1.040596,0,1.040596,0,0,0,1.040596,0,1.040596
"68","LA",2006,7.711871,4.850711,0,2.747174,0,2.747174,4.964697,4.850711,-2.747174
"69","LV",2006,10.549105,8.211765,2.33734,7.684404,7.684404,0,2.864701,0.527361,2.33734
"70","MIA",2006,17.82892,0,17.82892,17.378023,13.281211,1.235652,0.450897000000001,-13.281211,16.593268
"71","MIN",2006,9.505607,9.505607,0,0,0,0,9.505607,9.505607,0
"72","NE",2006,18.442569,18.442569,0,15.368807,15.368807,0,3.073762,3.073762,0
"73","NYJ",2006,3.387541,2.465413,0.922128,1.979489,1.979489,0,1.408052,0.485924,0.922128
"74","SF",2006,23.426453,0,23.426453,1.556092,0,1.556092,21.870361,0,21.870361
"75","TEN",2006,1.235652,0,1.235652,11.526606,11.526606,0,-10.290954,-11.526606,1.235652
"76","WAS",2006,12.807339,0,12.807339,2.154835,0,2.154835,10.652504,0,10.652504
"77","ARI",2007,3.24931,0,3.24931,16.848276,0,16.848276,-13.598966,0,-13.598966
"78","ATL",2007,19.255172,13.839655,0,2.406897,0,2.406897,16.848275,13.839655,-2.406897
"79","BAL",2007,2.707758,1.456172,1.251586,0,0,0,2.707758,1.456172,1.251586
"80","CHI",2007,1.10316,1.10316,0,12.213365,10.757193,1.456172,-11.110205,-9.654033,-1.456172
"81","CIN",2007,3.622379,3.622379,0,3.899172,3.899172,0,-0.276793,-0.276793,0
"82","CLE",2007,6.017241,6.017241,0,0,0,0,6.017241,6.017241,0
"83","DAL",2007,8.002931,0,8.002931,0,0,0,8.002931,0,8.002931
"84","DEN",2007,1.474224,0,1.474224,34.097702,28.682185,0,-32.623478,-28.682185,1.474224
"85","DET",2007,5.547809,5.547809,0,0,0,0,5.547809,5.547809,0
"86","HOU",2007,6.618966,6.618966,0,0,0,0,6.618966,6.618966,0
"87","JAX",2007,17.177219,0,17.177219,6.510655,4.416655,2.094,10.666564,-4.416655,15.083219
"88","KC",2007,3.243293,1.775086,1.468207,31.38596,0,31.38596,-28.142667,1.775086,-29.917753
"89","LV",2007,46.920243,22.063219,24.857024,1.444051,1.444051,0,45.476192,20.619168,24.857024
"90","MIA",2007,13.12962,10.879172,2.250448,8.195482,7.016103,1.179379,4.934138,3.863069,1.071069
"91","MIN",2007,40.350015,9.505607,30.844408,1.696862,0,1.696862,38.653153,9.505607,29.147546
"92","NE",2007,4.416655,4.416655,0,22.921677,0,22.921677,-18.505022,4.416655,-22.921677
"93","NO",2007,7.605793,4.332414,3.273379,18.749723,16.499275,2.250448,-11.14393,-12.166861,1.022931
"94","NYG",2007,2.406897,2.406897,0,0,0,0,2.406897,2.406897,0
"95","NYJ",2007,39.172241,20.326241,18.846,12.582051,12.582051,0,26.59019,7.74419,18.846
"96","PHI",2007,22.921677,0,22.921677,0,0,0,22.921677,0,22.921677
"97","TB",2007,15.043103,15.043103,0,0,0,0,15.043103,15.043103,0
"98","WAS",2007,5.34331,2.936413,2.406897,30.260507,5.403483,24.857024,-24.917197,-2.46707,-22.450127
"99","ARI",2008,3.677269,2.269919,0,4.539837,4.539837,0,-0.862568,-2.269918,0
"100","ATL",2008,1.702439,0,0,13.704635,7.802846,5.901789,-12.002196,-7.802846,-5.901789
"101","BAL",2008,0.703675,0,0.703675,10.74065,2.561377,8.179273,-10.036975,-2.561377,-7.475598
"102","BUF",2008,13.733008,6.242276,7.490732,41.681382,29.196829,12.484553,-27.948374,-22.954553,-4.993821
"103","CHI",2008,45.208268,44.164105,1.044163,9.505607,9.505607,0,35.702661,34.658498,1.044163
"104","DAL",2008,5.901789,0,5.901789,8.871598,2.629322,6.242276,-2.969809,-2.629322,-0.340487
"105","DEN",2008,26.17988,2.845116,23.334764,38.221406,38.221406,0,-12.041526,-35.37629,23.334764
"106","HOU",2008,1.214407,0,1.214407,0,0,0,1.214407,0,1.214407
"107","JAX",2008,2.20778,2.20778,0,12.007871,1.203057,10.804814,-9.800091,1.004723,-10.804814
"108","KC",2008,25.241496,25.241496,0,2.621757,0,2.621757,22.619739,25.241496,-2.621757
"109","LAC",2008,6.242276,0,6.242276,0,0,0,6.242276,0,6.242276
"110","LV",2008,6.609951,6.609951,0,22.637048,2.20778,20.429268,-16.027097,4.402171,-20.429268
"111","MIA",2008,2.629322,2.629322,0,12.405106,0,12.405106,-9.775784,2.629322,-12.405106
"112","MIN",2008,40.14951,37.879591,2.269919,0,0,0,40.14951,37.879591,2.269919
"113","NE",2008,7.116196,3.972358,3.143838,28.243462,27.443316,0.800146,-21.127266,-23.470958,2.343692
"114","NO",2008,14.402634,0,14.402634,0,0,0,14.402634,0,14.402634
"115","NYJ",2008,17.156802,0,17.156802,38.182989,30.919249,1.815935,-21.026187,-30.919249,15.340867
"116","PHI",2008,40.449952,39.042602,1.40735,23.153171,0,23.153171,17.296781,39.042602,-21.745821
"117","PIT",2008,1.918081,1.918081,0,10.138971,10.138971,0,-8.22089,-8.22089,0
"118","SEA",2008,27.451794,22.911957,4.539837,0,0,0,27.451794,22.911957,4.539837
"119","TB",2008,6.247951,0,0.800146,9.125074,6.015285,0,-2.877123,-6.015285,0.800146
"120","TEN",2008,10.138971,10.138971,0,26.645602,0,26.645602,-16.506631,10.138971,-26.645602
"121","WAS",2008,48.91646,2.545265,46.371195,0,0,0,48.91646,2.545265,46.371195
"122","ARI",2009,34.539996,18.025353,16.514643,37.934406,2.164341,34.395708,-3.39441,15.861012,-17.881065
"123","ATL",2009,20.56124,0,20.56124,0,0,0,20.56124,0,20.56124
"124","BAL",2009,1.634078,1.634078,0,0,0,0,1.634078,1.634078,0
"125","BUF",2009,1.300553,1.300553,0,0.191328,0.191328,0,1.109225,1.109225,0
"126","CHI",2009,37.204898,4.09048,33.114418,2.217894,0,2.217894,34.987004,4.09048,30.896524
"127","CIN",2009,2.705427,0,1.33107,1.01724,1.01724,0,1.688187,-1.01724,1.33107
"128","CLE",2009,13.179034,2.645907,10.533127,11.59726,11.59726,0,1.581774,-8.951353,10.533127
"129","DAL",2009,0.191328,0.191328,0,1.33107,0,1.33107,-1.139742,0.191328,-1.33107
"130","DEN",2009,2.202867,2.202867,0,10.264983,7.80245,2.462533,-8.062116,-5.599583,-2.462533
"131","DET",2009,33.166724,33.166724,0,0,0,0,33.166724,33.166724,0
"132","HOU",2009,9.766589,8.657364,1.109225,20.56124,0,20.56124,-10.794651,8.657364,-19.452015
"133","JAX",2009,1.067146,1.067146,0,0,0,0,1.067146,1.067146,0
"134","KC",2009,4.977984,4.977984,0,10.382344,6.493023,3.889321,-5.40436,-1.515039,-3.889321
"135","LV",2009,39.207039,9.955969,29.25107,11.645363,11.645363,0,27.561676,-1.689394,29.25107
"136","MIA",2009,32.246888,2.92186,29.325028,13.572221,0.946899,12.625322,18.674667,1.974961,16.699706
"137","MIN",2009,3.246512,0,3.246512,1.109225,1.109225,0,2.137287,-1.109225,3.246512
"138","NO",2009,1.107522,1.107522,0,3.246512,3.246512,0,-2.13899,-2.13899,0
"139","NYG",2009,28.280724,12.2646,16.016124,6.763566,6.763566,0,21.517158,5.501034,16.016124
"140","NYJ",2009,14.067662,11.849768,2.217894,8.657365,5.410853,3.246512,5.410297,6.438915,-1.028618
"141","PIT",2009,0.929277,0.929277,0,5.097024,5.097024,0,-4.167747,-4.167747,0
"142","SEA",2009,29.485342,29.485342,0,21.398977,21.398977,0,8.086365,8.086365,0
"143","SF",2009,15.096279,15.096279,0,7.762771,7.762771,0,7.333508,7.333508,0
"144","TB",2009,1.259783,1.259783,0,8.332713,8.332713,0,-7.07293,-7.07293,0
"145","TEN",2009,2.164341,0,2.164341,9.651655,0,9.651655,-7.487314,0,-7.487314
"146","WAS",2009,35.316636,35.316636,0,18.994132,18.994132,0,16.322504,16.322504,0
"147","ARI",2010,41.567691,41.567691,0,9.822738,1.704773,8.117965,31.744953,39.862918,-8.117965
"148","BAL",2010,2.823892,0,2.823892,20.376092,20.376092,0,-17.5522,-20.376092,2.823892
"149","BUF",2010,4.105371,2.783302,1.322069,26.3254,0,26.3254,-22.220029,2.783302,-25.003331
"150","CAR",2010,25.297666,24.203132,1.094534,10.563585,7.853244,2.710341,14.734081,16.349888,-1.615807
"151","CHI",2010,2.025705,2.025705,0,30.838871,14.809487,16.029384,-28.813166,-12.783782,-16.029384
"152","CIN",2010,12.176947,0,12.176947,58.491868,35.877538,22.61433,-46.314921,-35.877538,-10.437383
"153","CLE",2010,9.498019,1.148112,8.349907,10.866476,5.06793,5.798546,-1.368457,-3.919818,2.551361
"154","DAL",2010,8.93402,3.135474,5.798546,3.008054,2.783302,0.224752,5.925966,0.352172,5.573794
"155","DEN",2010,16.979903,11.181357,5.798546,14.971847,9.010941,5.960906,2.008056,2.170416,-0.16236
"156","DET",2010,8.686222,1.148112,7.53811,2.980452,2.980452,0,5.70577,-1.83234,7.53811
"157","HOU",2010,39.801221,5.589799,34.211422,2.823892,0,2.823892,36.977329,5.589799,31.38753
"158","IND",2010,3.479127,0,3.479127,2.242646,1.148112,1.094534,1.236481,-1.148112,2.384593
"159","JAX",2010,21.446203,0,21.446203,15.772046,15.772046,0,5.674157,-15.772046,21.446203
"160","KC",2010,5.06793,5.06793,0,6.612102,6.612102,0,-1.544172,-1.544172,0
"161","LA",2010,10.563022,9.277674,1.285348,1.217695,1.217695,0,9.345327,8.059979,1.285348
"162","LAC",2010,1.468002,1.468002,0,19.715057,8.117965,11.597092,-18.247055,-6.649963,-11.597092
"163","LV",2010,31.154198,27.972187,3.182011,28.87676,0,28.87676,2.277438,27.972187,-25.694749
"164","MIA",2010,28.731796,17.134704,11.597092,8.506798,6.959977,1.546821,20.224998,10.174727,10.050271
"165","MIN",2010,23.450649,22.302537,1.148112,25.667746,20.487234,5.180512,-2.217097,1.815303,-4.0324
"166","NE",2010,20.749129,11.761383,8.987746,1.148112,1.148112,0,19.601017,10.613271,8.987746
"167","NO",2010,12.147954,12.147954,0,27.620408,27.620408,0,-15.472454,-15.472454,0
"168","NYG",2010,21.978694,18.856873,3.121821,14.844278,0.927767,13.916511,7.134416,17.929106,-10.79469
"169","NYJ",2010,1.372864,1.148112,0.224752,7.486692,3.71107,3.775622,-6.113828,-2.562958,-3.55087
"170","PHI",2010,54.388915,10.982447,43.406468,40.419579,32.069672,8.349907,13.969336,-21.087225,35.056561
"171","PIT",2010,0.191328,0,0.191328,0,0,0,0.191328,0,0.191328
"172","SEA",2010,47.050475,37.559646,9.490829,22.222481,19.568162,2.654319,24.827994,17.991484,6.83651
"173","SF",2010,29.533929,10.746639,18.78729,28.301313,14.751502,13.549811,1.232616,-4.004863,5.237479
"174","TEN",2010,32.336561,23.058887,9.277674,22.61433,9.277674,13.336656,9.722231,13.781213,-4.058982
"175","WAS",2010,24.741006,9.277674,15.463332,21.570592,11.713063,9.857529,3.170414,-2.435389,5.605803
"176","ARI",2011,8.36796,4.592046,3.775914,3.776319,3.776319,0,4.591641,0.815727,3.775914
"177","ATL",2011,13.099557,1.90995,11.189607,12.733002,0,12.733002,0.366555,1.90995,-1.543395
"178","BAL",2011,13.716915,7.524046,6.192869,35.305141,16.668657,18.636484,-21.588226,-9.144611,-12.443615
"179","BUF",2011,50.722259,1.076517,49.645742,4.080348,2.170398,1.90995,46.641911,-1.093881,47.735792
"180","CAR",2011,18.000159,5.787728,12.212431,11.679634,9.179336,2.500298,6.320525,-3.391608,9.712133
"181","CHI",2011,20.609504,20.609504,0,12.147052,0,12.147052,8.462452,20.609504,-12.147052
"182","CIN",2011,20.199171,11.575456,8.623715,27.375158,9.323434,18.051724,-7.175987,2.252022,-9.428009
"183","CLE",2011,3.762023,1.620564,2.141459,4.630182,0,4.630182,-0.868159,1.620564,-2.488723
"184","DAL",2011,40.213134,17.01592,23.197214,11.336793,5.803725,5.533068,28.876341,11.212195,17.664146
"185","DEN",2011,80.906648,64.95567,15.950978,34.791479,23.192872,11.598607,46.115169,41.762798,4.352371
"186","DET",2011,4.84736,2.93741,1.90995,0,0,0,4.84736,2.93741,1.90995
"187","GB",2011,3.210799,2.986467,0.224332,30.015157,30.015157,0,-26.804358,-27.02869,0.224332
"188","HOU",2011,6.551708,1.65529,2.835987,66.776797,29.735338,37.041459,-60.225089,-28.080048,-34.205472
"189","IND",2011,15.689141,9.873864,5.815277,89.728789,79.496085,10.232704,-74.039648,-69.622221,-4.417427
"190","JAX",2011,10.279006,9.098309,1.180697,25.8904,17.681996,8.208404,-15.611394,-8.583687,-7.027707
"191","KC",2011,8.565838,6.945274,1.620564,52.182481,20.546435,31.636046,-43.616643,-13.601161,-30.015482
"192","LA",2011,40.226561,14.992067,25.234494,2.060431,0,0,38.16613,14.992067,25.234494
"193","LAC",2011,49.612404,36.55529,13.057114,39.87423,34.433766,5.440464,9.738174,2.121524,7.61665
"194","LV",2011,10.996683,10.996683,0,51.858042,31.48524,20.372802,-40.861359,-20.488557,-20.372802
"195","MIA",2011,8.208404,0,8.208404,7.813433,7.813433,0,0.394971,-7.813433,8.208404
"196","MIN",2011,27.638581,26.059921,1.57866,18.713653,18.713653,0,8.924928,7.346268,1.57866
"197","NE",2011,10.944593,3.003831,7.940762,25.914037,13.44727,12.466767,-14.969444,-10.443439,-4.526005
"198","NO",2011,42.111509,18.960597,23.150912,32.503881,21.993367,10.510514,9.607628,-3.03277,12.640398
"199","NYG",2011,6.644311,5.243681,1.40063,3.322156,2.141459,1.180697,3.322155,3.102222,0.219933
"200","NYJ",2011,12.774962,4.672143,8.102819,3.484212,0,3.484212,9.29075,4.672143,4.618607
"201","PIT",2011,1.076517,0,1.076517,3.775914,0,3.775914,-2.699397,0,-2.699397
"202","SEA",2011,42.418746,30.820139,11.598607,20.647834,18.062109,2.585725,21.770912,12.75803,9.012882
"203","SF",2011,26.270298,5.787728,20.48257,14.932338,14.932338,0,11.33796,-9.14461,20.48257
"204","TB",2011,49.898806,47.716602,2.182204,9.739356,8.160696,1.57866,40.15945,39.555906,0.603544
"205","TEN",2011,38.487252,14.641813,23.845439,39.48388,3.831476,35.652404,-0.996628000000001,10.810337,-11.806965
"206","WAS",2011,34.170746,32.990049,1.180697,9.000147,0,9.000147,25.170599,32.990049,-7.81945
"207","ARI",2012,52.321627,28.283188,24.038439,6.389821,0,6.389821,45.931806,28.283188,17.648618
"208","ATL",2012,20.150068,10.502914,9.647154,42.504227,9.817398,32.686829,-22.354159,0.685516,-23.039675
"209","BAL",2012,16.218569,4.414992,11.803577,53.812206,0,53.812206,-37.593637,4.414992,-42.008629
"210","BUF",2012,19.677926,3.92469,15.753236,36.034959,29.04361,5.799642,-16.357033,-25.11892,9.953594
"211","CAR",2012,7.229692,3.688618,3.541074,5.384626,2.837398,2.547228,1.845066,0.85122,0.993846
"212","CHI",2012,22.706376,18.177509,4.528867,19.977905,11.193319,8.784586,2.728471,6.98419,-4.255719
"213","CIN",2012,9.266943,2.150748,7.116195,6.526016,1.191707,5.334309,2.740927,0.959041,1.781886
"214","CLE",2012,39.953974,21.567633,18.386341,18.110977,5.72587,7.050798,21.842997,15.841763,11.335543
"215","DAL",2012,4.089259,0.463064,3.626195,2.905496,2.905496,0,1.183763,-2.442432,3.626195
"216","DEN",2012,48.859999,26.955284,21.904715,30.989473,6.548716,24.440757,17.870526,20.406568,-2.536042
"217","DET",2012,30.057508,9.079675,20.977833,41.403318,15.889431,25.513887,-11.34581,-6.809756,-4.536054
"218","GB",2012,2.035833,2.035833,0,40.802284,24.70175,16.100534,-38.766451,-22.665917,-16.100534
"219","HOU",2012,20.663826,1.293854,15.208455,33.662894,2.610407,28.998211,-12.999068,-1.316553,-13.789756
"220","IND",2012,71.507304,44.660649,26.846655,30.360161,7.831219,22.528942,41.147143,36.82943,4.317713
"221","JAX",2012,34.951457,8.010543,26.940914,29.034302,3.255064,25.779238,5.917155,4.755479,1.161676
"222","KC",2012,58.963285,31.010371,27.952914,22.237812,12.607128,9.630684,36.725473,18.403243,18.32223
"223","LA",2012,40.259628,40.259628,0,37.820628,31.862091,5.958537,2.439,8.397537,-5.958537
"224","LAC",2012,32.521125,11.009106,21.512019,16.956293,14.459382,2.496911,15.564832,-3.450276,19.015108
"225","LV",2012,42.402082,14.482082,27.92,49.236204,33.235866,11.838821,-6.834122,-18.753784,16.081179
"226","MIA",2012,53.188735,20.769756,32.418979,65.289673,44.588014,20.701659,-12.100938,-23.818258,11.71732
"227","MIN",2012,36.913786,36.689454,0.224332,1.654771,1.654771,0,35.259015,35.034683,0.224332
"228","NE",2012,38.186309,15.844033,22.342276,36.371663,28.805268,7.566395,1.814646,-12.961235,14.775881
"229","NO",2012,26.74384,1.872683,24.871157,28.433757,28.433757,0,-1.689917,-26.561074,24.871157
"230","NYG",2012,11.160434,5.107317,6.053117,17.818987,4.539837,13.27915,-6.658553,0.56748,-7.226033
"231","NYJ",2012,11.133951,7.80852,3.325431,70.704183,9.416379,61.287804,-59.570232,-1.607859,-57.962373
"232","PHI",2012,47.764123,3.148872,42.560975,35.919956,7.910667,28.009289,11.844167,-4.761795,14.551686
"233","PIT",2012,3.404878,0,3.404878,24.849935,13.27335,11.576585,-21.445057,-13.27335,-8.171707
"234","SEA",2012,31.937798,0,31.937798,47.457848,16.366115,31.091733,-15.52005,-16.366115,0.846064999999999
"235","SF",2012,19.873138,2.383415,12.155414,21.692357,17.878894,3.813463,-1.819219,-15.495479,8.341951
"236","TB",2012,39.133398,0,39.133398,43.608911,7.974983,35.633928,-4.475513,-7.974983,3.49947
"237","TEN",2012,64.761536,45.12674,19.634796,38.974503,24.163284,14.811219,25.787033,20.963456,4.823577
"238","WAS",2012,2.383414,0,1.191707,3.495675,0,3.495675,-1.112261,0,-2.303968
"239","ARI",2013,29.950097,19.049752,10.900345,26.230105,13.634616,12.595489,3.719992,5.415136,-1.695144
"240","ATL",2013,36.674527,15.744361,20.930166,15.920174,0,15.920174,20.754353,15.744361,5.009992
"241","BAL",2013,24.881208,4.670827,20.210381,45.448722,12.165143,33.283579,-20.567514,-7.494316,-13.073198
"242","BUF",2013,39.669255,23.158669,16.510586,27.042286,5.084151,21.958135,12.626969,18.074518,-5.447549
"243","CAR",2013,29.546392,8.050616,21.495776,40.82404,14.379849,26.444191,-11.277648,-6.329233,-4.948415
"244","CHI",2013,29.587223,4.996212,24.591011,48.933232,20.451925,28.481307,-19.346009,-15.455713,-3.890296
"245","CIN",2013,5.86131,4.502887,1.358423,40.242587,19.732933,20.509654,-34.381277,-15.230046,-19.151231
"246","CLE",2013,44.92391,14.484812,30.439098,41.38059,18.026454,23.354136,3.54332,-3.541642,7.084962
"247","DAL",2013,12.707241,0,12.707241,41.138334,18.933537,22.204797,-28.431093,-18.933537,-9.497556
"248","DEN",2013,50.17644,14.568783,35.607657,72.899957,35.309353,37.590604,-22.723517,-20.74057,-1.982947
"249","DET",2013,10.538225,0,9.18421,16.048751,5.027699,11.021052,-5.510526,-5.027699,-1.836842
"250","GB",2013,22.328565,2.035833,20.292732,11.552861,6.997493,4.555368,10.775704,-4.96166,15.737364
"251","HOU",2013,15.752513,10.378438,5.374075,41.197253,18.498784,22.698469,-25.44474,-8.120346,-17.324394
"252","IND",2013,45.462785,15.002695,30.46009,33.218374,19.310855,13.907519,12.244411,-4.30816,16.552571
"253","JAX",2013,40.557474,19.942857,20.614617,17.165761,7.914165,9.251596,23.391713,12.028692,11.363021
"254","KC",2013,14.337864,3.148872,11.188992,29.332852,15.744361,12.024551,-14.994988,-12.595489,-0.835559
"255","LA",2013,18.478474,13.769764,4.70871,29.058843,13.713338,15.345505,-10.580369,0.0564260000000001,-10.636795
"256","LAC",2013,27.556884,17.533129,10.023755,13.313313,11.304123,2.00919,14.243571,6.229006,8.014565
"257","LV",2013,65.458066,39.406397,26.051669,29.06409,6.539158,22.524932,36.393976,32.867239,3.526737
"258","MIA",2013,47.909248,21.889068,26.02018,28.683725,4.188,24.495725,19.225523,17.701068,1.524455
"259","MIN",2013,25.262771,1.295446,23.967325,35.964527,26.391956,9.572571,-10.701756,-25.09651,14.394754
"260","NE",2013,57.868523,8.323519,49.545004,24.836169,13.35937,11.476799,33.032354,-5.035851,38.068205
"261","NO",2013,27.817765,4.444318,23.373447,32.122756,13.582896,18.53986,-4.304991,-9.138578,4.833587
"262","NYG",2013,72.792466,24.821148,47.971318,58.1906,19.592981,38.597619,14.601866,5.228167,9.37369899999999
"263","NYJ",2013,50.414203,44.16894,6.245263,19.279703,6.518165,12.761538,31.1345,37.650775,-6.516275
"264","PHI",2013,35.858656,15.209052,20.649604,37.211123,31.879033,3.978075,-1.352467,-16.669981,16.671529
"265","PIT",2013,12.668962,8.858827,3.810135,27.143278,19.344572,7.798706,-14.474316,-10.485745,-3.988571
"266","SEA",2013,14.138491,7.085017,7.053474,60.426858,12.595489,47.831369,-46.288367,-5.510472,-40.777895
"267","SF",2013,13.565341,1.196571,12.36877,38.448954,11.158729,27.290225,-24.883613,-9.962158,-14.921455
"268","TB",2013,80.683726,37.262563,43.421163,63.321052,18.263458,45.057594,17.362674,18.999105,-1.636431
"269","TEN",2013,41.342602,26.24376,13.534902,29.047505,13.980992,15.066513,12.295097,12.262768,-1.531611
"270","WAS",2013,50.501821,35.781684,14.720137,20.584653,13.401239,7.183414,29.917168,22.380445,7.536723
"271","ARI",2014,38.330407,26.059481,12.270926,39.951827,7.175837,32.77599,-1.62142,18.883644,-20.505064
"272","ATL",2014,59.5222,27.78587,31.73633,18.483037,15.404199,3.078838,41.039163,12.381671,28.657492
"273","BAL",2014,25.831779,12.080934,13.750845,70.433454,41.603294,28.83016,-44.601675,-29.52236,-15.079315
"274","BUF",2014,71.813727,65.340881,4.582673,51.72806,34.292675,17.435385,20.085667,31.048206,-12.852712
"275","CAR",2014,18.502261,10.912339,7.589922,35.438991,6.829955,27.157305,-16.93673,4.082384,-19.567383
"276","CHI",2014,55.580119,17.372317,37.067852,34.679155,25.04317,9.635985,20.900964,-7.670853,27.431867
"277","CIN",2014,11.59436,0,11.59436,14.858319,9.256002,5.602317,-3.263959,-9.256002,5.992043
"278","CLE",2014,56.67128,38.886184,17.785096,64.270562,31.918983,29.321456,-7.599282,6.967201,-11.53636
"279","DAL",2014,36.617913,8.106309,28.511604,56.227777,37.160413,19.067364,-19.609864,-29.054104,9.44424
"280","DEN",2014,36.08079,26.7807,9.30009,48.865195,22.925655,25.93954,-12.784405,3.855045,-16.63945
"281","DET",2014,2.893719,2.046064,0.847655,69.597015,6.099218,63.497797,-66.703296,-4.053154,-62.650142
"282","GB",2014,1.69531,1.69531,0,30.047906,1.69531,28.352596,-28.352596,0,-28.352596
"283","HOU",2014,52.451229,34.192547,18.258682,46.568997,24.406244,21.022803,5.882232,9.786303,-2.764121
"284","IND",2014,59.275763,33.769793,25.50597,22.030325,14.585512,7.444813,37.245438,19.184281,18.061157
"285","JAX",2014,50.544266,17.498716,33.04555,25.879995,14.900037,10.979958,24.664271,2.598679,22.065592
"286","KC",2014,52.67062,46.420703,6.249917,56.888298,39.118788,17.76951,-4.217678,7.30191499999999,-11.519593
"287","LA",2014,43.203351,28.751481,14.45187,49.834324,47.759031,1.227638,-6.630973,-19.00755,13.224232
"288","LAC",2014,40.244123,27.651089,12.593034,40.252243,19.947497,20.304746,-0.00811999999999813,7.703592,-7.711712
"289","LV",2014,107.948549,62.642855,45.305694,26.515425,16.436711,10.078714,81.433124,46.206144,35.22698
"290","MIA",2014,68.503574,22.740535,45.763039,65.837782,30.885818,32.029016,2.665792,-8.145283,13.734023
"291","MIN",2014,15.361066,7.361932,7.999134,21.902625,19.310944,2.591681,-6.541559,-11.949012,5.407453
"292","NE",2014,34.173913,15.038197,19.135716,71.353569,14.360286,56.993283,-37.179656,0.677911,-37.857567
"293","NO",2014,46.653406,15.867227,28.243214,32.307734,14.204943,18.102791,14.345672,1.662284,10.140423
"294","NYG",2014,42.618435,19.460339,21.706365,21.386237,2.903462,16.787465,21.232198,16.556877,4.9189
"295","NYJ",2014,98.729155,28.628653,67.265242,32.851519,20.204897,12.646622,65.877636,8.423756,54.61862
"296","PHI",2014,68.61141,57.104738,10.279034,113.85857,73.112675,40.745895,-45.24716,-16.007937,-30.466861
"297","PIT",2014,17.147962,11.28258,5.865382,10.309079,3.504066,6.805013,6.838883,7.778514,-0.939631
"298","SEA",2014,26.071058,7.696043,18.375015,39.127627,27.402054,11.725573,-13.056569,-19.706011,6.649442
"299","SF",2014,35.893802,26.725488,9.168314,96.586705,58.055594,38.531111,-60.692903,-31.330106,-29.362797
"300","TB",2014,38.069124,10.392055,27.677069,33.668047,10.559963,23.108084,4.401077,-0.167908000000001,4.568985
"301","TEN",2014,55.515942,15.092155,40.423787,25.444263,25.444263,0,30.071679,-10.352108,40.423787
"302","WAS",2014,32.117744,3.556254,28.56149,33.753695,12.432273,21.321422,-1.635951,-8.876019,7.240068
"303","ARI",2015,39.784775,11.744619,26.66007,21.885149,10.07125,11.813899,17.899626,1.673369,14.846171
"304","ATL",2015,40.982077,23.124313,17.857764,25.300241,10.120692,15.179549,15.681836,13.003621,2.678215
"305","BAL",2015,54.747335,18.112143,36.635192,22.240797,10.019877,12.22092,32.506538,8.092266,24.414272
"306","BUF",2015,33.223665,12.473823,20.749842,28.356648,16.72742,11.629228,4.867017,-4.253597,9.120614
"307","CAR",2015,20.986898,7.111074,9.696183,39.392789,1.946147,33.490694,-18.405891,5.164927,-23.794511
"308","CHI",2015,57.057767,25.491202,31.566565,34.258643,18.510495,14.156778,22.799124,6.980707,17.409787
"309","CIN",2015,13.216461,4.495395,7.696116,47.788563,21.048483,26.74008,-34.572102,-16.553088,-19.043964
"310","CLE",2015,52.029069,8.2397,39.878375,62.914616,34.47968,24.255295,-10.885547,-26.23998,15.62308
"311","DAL",2015,31.747106,14.686743,17.060363,31.50351,9.771376,21.732134,0.243596000000004,4.915367,-4.671771
"312","DEN",2015,14.922896,7.842892,5.488634,47.906305,22.978251,20.581007,-32.983409,-15.135359,-15.092373
"313","DET",2015,44.25884,34.837038,9.421802,29.23457,7.18637,22.0482,15.02427,27.650668,-12.626398
"314","GB",2015,9.684081,7.226453,2.457628,42.541333,26.530279,15.040049,-32.857252,-19.303826,-12.582421
"315","HOU",2015,40.345811,32.384825,7.960986,49.309472,39.337283,9.972189,-8.963661,-6.952458,-2.011203
"316","IND",2015,42.515293,14.119677,28.395616,50.582872,28.256286,22.326586,-8.067579,-14.136609,6.06903
"317","JAX",2015,55.024711,18.035526,33.033237,36.818565,10.056254,20.648574,18.206146,7.979272,12.384663
"318","KC",2015,25.907243,17.914951,7.992292,54.610059,27.754569,26.85549,-28.702816,-9.839618,-18.863198
"319","LA",2015,10.920684,2.407765,8.512919,53.3914,14.09756,39.29384,-42.470716,-11.689795,-30.780921
"320","LAC",2015,49.117186,25.556821,23.560365,44.585638,16.072851,28.512787,4.53154799999999,9.48397,-4.952422
"321","LV",2015,31.923353,0.944033,30.97932,23.008087,11.706008,11.302079,8.915266,-10.761975,19.677241
"322","MIA",2015,33.687773,10.838039,22.849734,69.815593,26.18124,43.634353,-36.12782,-15.343201,-20.784619
"323","MIN",2015,22.003229,12.047659,8.575484,20.242405,15.135636,5.106769,1.760824,-3.087977,3.468715
"324","NE",2015,34.041267,17.272169,16.769098,25.406257,13.11261,12.293647,8.63501,4.159559,4.475451
"325","NO",2015,49.964643,21.69523,26.498227,24.675728,4.41682,19.233958,25.288915,17.27841,7.264269
"326","NYG",2015,36.338925,12.339908,23.999017,40.195659,13.388169,25.917402,-3.856734,-1.048261,-1.918385
"327","NYJ",2015,27.488163,14.68196,12.806203,50.055518,25.122583,24.932935,-22.567355,-10.440623,-12.126732
"328","PHI",2015,63.789656,34.120049,28.698602,34.067251,19.720399,14.346852,29.722405,14.39965,14.35175
"329","PIT",2015,21.431977,13.300382,8.131595,20.880212,5.739721,13.369305,0.551765,7.560661,-5.23771
"330","SEA",2015,21.42799,11.776736,8.761166,37.068651,20.99591,16.072741,-15.640661,-9.219174,-7.311575
"331","SF",2015,27.363199,21.481145,5.882054,39.769526,26.559999,13.209527,-12.406327,-5.078854,-7.327473
"332","TB",2015,56.456669,23.046643,27.296289,21.472939,6.566077,13.962829,34.98373,16.480566,13.33346
"333","TEN",2015,63.064022,42.127552,20.93647,26.6517,6.877182,19.774518,36.412322,35.25037,1.161952
"334","WAS",2015,64.421618,5.906949,58.514669,33.943686,6.895937,25.667663,30.477932,-0.988988000000001,32.847006
"335","ARI",2016,46.465788,14.983176,21.689713,71.034251,7.013469,60.305081,-24.568463,7.969707,-38.615368
"336","ATL",2016,33.359042,11.892407,21.466635,49.83275,18.849846,30.130257,-16.473708,-6.957439,-8.663622
"337","BAL",2016,73.252941,26.05276,47.200181,52.268139,17.134078,35.134061,20.984802,8.918682,12.06612
"338","BUF",2016,66.285172,31.334885,30.018311,51.232234,30.595301,16.390418,15.052938,0.739584000000001,13.627893
"339","CAR",2016,31.687082,12.330833,19.151614,36.549864,20.106859,13.170346,-4.862782,-7.776026,5.981268
"340","CHI",2016,102.568082,63.477523,37.936978,98.730527,77.29783,21.432697,3.83755500000001,-13.820307,16.504281
"341","CIN",2016,14.274406,2.006438,11.490555,16.662834,5.470982,10.28905,-2.388428,-3.464544,1.201505
"342","CLE",2016,15.821144,4.632913,11.188231,65.898978,26.556433,37.257072,-50.077834,-21.92352,-26.068841
"343","DAL",2016,27.644855,12.849798,14.795057,82.980166,29.629153,53.351013,-55.335311,-16.779355,-38.555956
"344","DEN",2016,47.253289,41.034318,6.218971,34.343446,11.573098,22.770348,12.909843,29.46122,-16.551377
"345","DET",2016,63.597515,31.923566,30.37826,53.077414,34.798242,18.279172,10.520101,-2.874676,12.099088
"346","GB",2016,13.286913,7.310025,5.976888,63.612566,39.970992,23.641574,-50.325653,-32.660967,-17.664686
"347","HOU",2016,35.638023,19.042962,16.595061,34.592562,13.979863,19.108028,1.045461,5.063099,-2.512967
"348","IND",2016,49.064536,17.89203,31.172506,35.288367,10.961187,23.031491,13.776169,6.930843,8.141015
"349","JAX",2016,65.824582,18.13973,45.285738,79.186421,33.607989,44.822134,-13.361839,-15.468259,0.463604000000004
"350","KC",2016,51.589328,10.817014,40.772314,62.545684,41.234657,20.157446,-10.956356,-30.417643,20.614868
"351","LA",2016,35.962444,19.583663,15.622483,40.144675,21.291745,18.85293,-4.182231,-1.708082,-3.230447
"352","LAC",2016,16.487318,9.850767,3.096562,35.306912,18.282607,15.92088,-18.819594,-8.43184,-12.824318
"353","LV",2016,24.313393,17.629557,6.683836,77.746549,33.506642,44.239907,-53.433156,-15.877085,-37.556071
"354","MIA",2016,71.709857,37.697572,34.012285,34.813743,16.862737,16.320946,36.896114,20.834835,17.691339
"355","MIN",2016,34.687341,29.501468,3.877645,29.356325,15.731834,10.48976,5.33101599999999,13.769634,-6.612115
"356","NE",2016,41.408786,23.964409,17.444377,38.105273,15.271202,22.834071,3.303513,8.693207,-5.389694
"357","NO",2016,58.534294,29.156281,29.378013,23.574659,14.459564,7.610424,34.959635,14.696717,21.767589
"358","NYG",2016,52.936255,35.612313,16.471295,48.711909,20.048601,25.319595,4.224346,15.563712,-8.8483
"359","NYJ",2016,42.261352,24.473331,16.28335,59.792584,35.793587,21.073248,-17.531232,-11.320256,-4.789898
"360","PHI",2016,93.799339,67.154297,26.645042,35.997392,14.884969,21.112423,57.801947,52.269328,5.532619
"361","PIT",2016,36.182648,8.31715,26.962696,30.484929,12.496792,17.988137,5.697719,-4.179642,8.974559
"362","SEA",2016,43.542863,27.345792,14.358029,42.547697,19.771338,17.844383,0.995166000000005,7.574454,-3.486354
"363","SF",2016,105.465576,50.74551,51.376353,57.801955,26.780313,26.006073,47.663621,23.965197,25.37028
"364","TB",2016,40.854818,9.859271,23.17126,50.33597,38.850986,11.280349,-9.481152,-28.991715,11.890911
"365","TEN",2016,75.203534,21.183967,52.013339,27.359596,15.702744,10.804205,47.843938,5.481223,41.209134
"366","WAS",2016,46.754544,24.067789,22.686755,37.800689,23.347875,14.452814,8.953855,0.719913999999999,8.233941
"367","ARI",2017,86.982369,67.795164,18.038263,68.541813,36.962803,31.57901,18.440556,30.832361,-13.540747
"368","ATL",2017,31.548601,15.101667,12.871536,43.166881,20.058766,23.108115,-11.61828,-4.957099,-10.236579
"369","BAL",2017,31.546347,28.903503,2.642844,41.839685,31.967786,9.871899,-10.293338,-3.064283,-7.229055
"370","BUF",2017,59.80488,16.862182,40.208996,60.992406,18.400175,42.592231,-1.18752599999999,-1.537993,-2.383235
"371","CAR",2017,45.526356,13.061741,31.219875,75.942633,47.385767,27.682396,-30.416277,-34.324026,3.537479
"372","CHI",2017,69.879389,63.970811,0,63.200157,41.736498,16.698901,6.67923200000001,22.234313,-16.698901
"373","CIN",2017,25.897113,3.651658,22.245455,18.936294,9.999919,7.702034,6.960819,-6.348261,14.543421
"374","CLE",2017,117.572698,71.129652,45.615845,47.450553,30.856456,15.445155,70.122145,40.273196,30.17069
"375","DAL",2017,46.292089,31.03183,15.260259,35.557955,11.240792,21.559827,10.734134,19.791038,-6.299568
"376","DEN",2017,53.391626,36.345933,13.894451,18.185845,15.037025,3.14882,35.205781,21.308908,10.745631
"377","DET",2017,55.632806,22.235808,33.396998,56.327873,22.896604,32.186529,-0.695066999999995,-0.660796000000001,1.210469
"378","GB",2017,59.053402,31.112996,26.947765,44.549655,19.3847,25.164955,14.503747,11.728296,1.78281
"379","HOU",2017,64.774985,26.99341,37.781575,39.252573,21.321695,17.930878,25.522412,5.671715,19.850697
"380","IND",2017,60.135556,38.826764,21.308792,73.46859,36.68559,36.783,-13.333034,2.14117400000001,-15.474208
"381","JAX",2017,72.425154,54.81754,16.25258,67.46423,49.729044,16.718911,4.96092400000001,5.088496,-0.466331000000004
"382","KC",2017,73.703134,49.332685,24.370449,108.75218,77.011778,31.740402,-35.049046,-27.679093,-7.369953
"383","LA",2017,32.583835,3.742099,28.841736,76.492605,43.050054,33.442551,-43.90877,-39.307955,-4.600815
"384","LAC",2017,35.366394,22.376207,6.931925,22.509318,12.223036,9.293641,12.857076,10.153171,-2.361716
"385","LV",2017,80.914585,32.198861,45.434494,62.465384,15.294235,37.473203,18.449201,16.904626,7.961291
"386","MIA",2017,47.418464,43.791858,3.626606,109.162474,72.077403,30.183852,-61.74401,-28.285545,-26.557246
"387","MIN",2017,72.678576,51.572763,18.348477,94.860563,79.63723,12.837528,-22.181987,-28.064467,5.510949
"388","NE",2017,25.863018,15.79467,10.068348,49.784891,22.087684,27.697207,-23.921873,-6.293014,-17.628859
"389","NO",2017,72.450543,29.064725,43.385818,46.68615,28.712329,17.973821,25.764393,0.352395999999999,25.411997
"390","NYG",2017,47.993206,25.878093,20.880772,89.843646,51.305187,38.538459,-41.85044,-25.427094,-17.657687
"391","NYJ",2017,77.556292,29.150858,48.405434,49.681041,18.440264,29.168836,27.875251,10.710594,19.236598
"392","PHI",2017,37.43052,22.039204,15.391316,56.475756,23.584316,27.707648,-19.045236,-1.545112,-12.316332
"393","PIT",2017,24.27174,9.439897,14.831843,13.000761,7.328527,5.672234,11.270979,2.11137,9.159609
"394","SEA",2017,46.457683,23.238412,20.044395,78.981043,38.392895,38.847087,-32.52336,-15.154483,-18.802692
"395","SF",2017,54.088537,31.377226,20.450296,28.293479,20.205187,8.088292,25.795058,11.172039,12.362004
"396","TB",2017,47.511116,22.226967,23.800621,27.191762,9.122844,18.068918,20.319354,13.104123,5.731703
"397","TEN",2017,67.776047,27.76787,40.008177,38.87949,16.303366,22.576124,28.896557,11.464504,17.432053
"398","WAS",2017,71.145368,65.294458,5.023709,87.734743,77.687557,10.047186,-16.589375,-12.393099,-5.023477
"399","ARI",2018,90.517505,36.693687,51.43494,47.901265,23.14617,24.755095,42.61624,13.547517,26.679845
"400","ATL",2018,46.776001,28.441212,12.631631,48.788685,17.645825,29.614826,-2.012684,10.795387,-16.983195
"401","BAL",2018,77.696542,17.493236,60.203306,74.395732,28.754978,45.438994,3.30081,-11.261742,14.764312
"402","BUF",2018,104.840759,90.198337,14.642422,37.588027,32.683483,3.836404,67.252732,57.514854,10.806018
"403","CAR",2018,59.160748,27.240842,30.725666,51.111997,32.877952,14.82193,8.048751,-5.63711,15.903736
"404","CHI",2018,28.094863,12.651927,15.442936,46.635732,17.106228,25.946386,-18.540869,-4.454301,-10.50345
"405","CIN",2018,30.588894,14.403176,15.983958,32.034749,20.690619,11.34413,-1.445855,-6.287443,4.639828
"406","CLE",2018,61.141069,26.490419,34.65065,51.572457,27.527234,21.76059,9.568612,-1.036815,12.89006
"407","DAL",2018,32.282022,13.377293,15.051138,46.575177,36.31099,10.062427,-14.293155,-22.933697,4.988711
"408","DEN",2018,50.945637,11.757436,39.188201,67.861825,44.517026,23.344799,-16.916188,-32.75959,15.843402
"409","DET",2018,78.31128,40.114426,36.757956,33.964055,22.7379,9.422185,44.347225,17.376526,27.335771
"410","GB",2018,19.449053,5.251689,14.197364,49.71504,18.022963,30.890972,-30.265987,-12.771274,-16.693608
"411","HOU",2018,56.097892,13.169912,40.064771,72.573589,16.713987,55.859602,-16.475697,-3.544075,-15.794831
"412","IND",2018,40.89209,34.926824,5.965266,36.869438,16.002623,20.866815,4.022652,18.924201,-14.901549
"413","JAX",2018,42.394479,19.898564,22.495915,65.825711,30.339542,32.433683,-23.431232,-10.440978,-9.937768
"414","KC",2018,57.655825,16.417137,41.238688,74.508115,45.68113,28.826985,-16.85229,-29.263993,12.411703
"415","LA",2018,16.574551,8.380988,8.193563,91.469153,26.808096,64.661057,-74.894602,-18.427108,-56.467494
"416","LAC",2018,30.873121,17.2499,13.623221,44.341173,20.867308,22.628254,-13.468052,-3.617408,-9.005033
"417","LV",2018,66.590636,35.057396,31.53324,52.633386,35.642137,13.46787,13.95725,-0.584741000000001,18.06537
"418","MIA",2018,80.319757,43.542702,36.777055,60.275758,28.859953,31.415805,20.043999,14.682749,5.36125
"419","MIN",2018,21.840007,12.49378,7.966546,53.195059,27.101406,24.654755,-31.355052,-14.607626,-16.688209
"420","NE",2018,52.115614,33.852285,13.370676,62.330212,32.145032,27.659739,-10.214598,1.707253,-14.289063
"421","NO",2018,65.224961,41.521148,23.703813,31.648408,14.629071,17.019337,33.576553,26.892077,6.684476
"422","NYG",2018,32.671805,20.272477,11.173934,50.589601,15.154824,35.434777,-17.917796,5.117653,-24.260843
"423","NYJ",2018,145.561679,88.78166,52.299764,73.651854,40.434066,27.48766,71.909825,48.347594,24.812104
"424","PHI",2018,51.275428,28.57448,22.700948,51.072623,28.310294,22.762329,0.202804999999998,0.264186000000002,-0.0613810000000008
"425","PIT",2018,45.292243,13.017606,32.274637,69.204794,53.387119,15.817675,-23.912551,-40.369513,16.456962
"426","SEA",2018,34.137206,18.742588,9.66449,60.580583,16.406167,42.980176,-26.443377,2.336421,-33.315686
"427","SF",2018,58.983668,22.79904,33.12856,21.84155,7.228274,9.30818,37.142118,15.570766,23.82038
"428","TB",2018,50.097064,26.939191,18.277066,93.552058,38.563572,46.038384,-43.454994,-11.624381,-27.761318
"429","TEN",2018,46.149469,38.708766,3.279407,40.13098,32.213391,7.917589,6.018489,6.495375,-4.638182
"430","WAS",2018,55.556127,20.308018,35.248109,35.669209,30.258782,5.410427,19.886918,-9.950764,29.837682
"431","ARI",2019,88.542482,45.007895,39.515321,38.197529,14.115154,22.871506,50.344953,30.892741,16.643815
"432","ATL",2019,26.92515,15.544318,8.445519,66.825388,30.084567,35.585573,-39.900238,-14.540249,-27.140054
"433","BAL",2019,41.227224,12.57117,24.461878,33.996498,7.187628,22.536475,7.230726,5.383542,1.925403
"434","BUF",2019,77.207845,11.279855,65.92799,38.091257,13.521626,23.086575,39.116588,-2.241771,42.841415
"435","CAR",2019,74.418061,51.720943,22.697118,112.710814,32.201204,68.853268,-38.292753,19.519739,-46.15615
"436","CHI",2019,53.252714,33.779559,17.558017,29.100871,14.303967,14.796904,24.151843,19.475592,2.761113
"437","CIN",2019,93.136153,18.282991,74.853162,49.326266,16.753126,30.301818,43.809887,1.529865,44.551344
"438","CLE",2019,93.696048,51.152092,39.11973,57.38337,17.927875,39.455495,36.312678,33.224217,-0.335765000000002
"439","DAL",2019,39.559446,13.857656,22.180095,98.907342,42.565163,53.361524,-59.347896,-28.707507,-31.181429
"440","DEN",2019,61.068481,42.886702,14.871385,30.216956,14.315155,12.70129,30.851525,28.571547,2.170095
"441","DET",2019,72.923098,29.796563,43.126535,98.75432,40.073474,55.169293,-25.831222,-10.276911,-12.042758
"442","GB",2019,38.033414,16.098557,20.723988,64.697179,38.349589,26.146431,-26.663765,-22.251032,-5.422443
"443","HOU",2019,41.769587,23.090626,18.678961,84.053655,55.144468,27.405415,-42.284068,-32.053842,-8.726454
"444","IND",2019,97.884873,46.029461,50.987534,49.024039,38.758202,10.265837,48.860834,7.271259,40.721697
"445","JAX",2019,58.32528,23.127044,27.567709,66.517062,30.579778,30.45796,-8.191782,-7.452734,-2.890251
"446","KC",2019,20.62401,18.530971,2.093039,36.679019,12.968436,23.710583,-16.055009,5.562535,-21.617544
"447","LA",2019,26.286344,0,22.124482,49.781988,20.39397,25.866323,-23.495644,-20.39397,-3.741841
"448","LAC",2019,25.659494,6.42526,19.234234,93.201199,65.153016,27.847024,-67.541705,-58.727756,-8.61279
"449","LV",2019,76.293069,25.797542,50.495527,39.646695,18.366716,21.279979,36.646374,7.430826,29.215548
"450","MIA",2019,49.483546,10.233177,39.250369,34.791601,13.421434,20.026288,14.691945,-3.188257,19.224081
"451","MIN",2019,30.95634,2.923073,26.120283,66.713205,18.479117,48.234088,-35.756865,-15.556044,-22.113805
"452","NE",2019,35.398843,20.197658,15.000026,79.292776,46.79134,26.109848,-43.893933,-26.593682,-11.109822
"453","NO",2019,53.713127,30.297243,22.841144,65.24591,40.110046,24.036697,-11.532783,-9.812803,-1.195553
"454","NYG",2019,118.447607,30.597316,70.255252,29.291822,6.838244,14,89.155785,23.759072,56.255252
"455","NYJ",2019,59.16503,41.168875,17.996155,45.910195,24.57171,21.338485,13.254835,16.597165,-3.34233
"456","PHI",2019,64.400848,7.756811,56.644037,63.748116,30.87387,32.874246,0.652731999999993,-23.117059,23.769791
"457","PIT",2019,26.048829,23.781421,2.267408,48.278349,13.527013,34.751336,-22.22952,10.254408,-32.483928
"458","SEA",2019,51.42703,25.668037,25.758993,42.287479,13.884693,28.402786,9.139551,11.783344,-2.643793
"459","SF",2019,58.442019,35.425488,21.758863,73.247945,23.681519,49.279056,-14.805926,11.743969,-27.520193
"460","TB",2019,56.974965,50.119726,4.642339,35.641184,18.947914,15.619153,21.333781,31.171812,-10.976814
"461","TEN",2019,35.959736,14.744421,13.25403,62.395547,16.988938,36.788539,-26.435811,-2.244517,-23.534509
"462","WAS",2019,81.854093,38.805774,42.038609,45.14921,25.819273,19.329937,36.704883,12.986501,22.708672
"463","ARI",2020,97.293091,51.658042,40.662994,50.703902,19.742489,26.592736,46.589189,31.915553,14.070258
"464","ATL",2020,49.918817,19.992094,29.926723,57.146022,40.061429,15.141109,-7.227205,-20.069335,14.785614
"465","BAL",2020,52.515374,27.589394,24.92598,29.77518,19.881613,8.038608,22.740194,7.707781,16.887372
"466","BUF",2020,29.642513,18.124464,6.950648,41.693708,24.174383,16.130057,-12.051195,-6.049919,-9.179409
"467","CAR",2020,64.998455,28.624448,31.442954,58.907874,40.609528,15.903193,6.09058100000001,-11.98508,15.539761
"468","CHI",2020,49.124417,35.011705,14.112712,58.390887,16.755947,38.094865,-9.26647,18.255758,-23.982153
"469","CIN",2020,55.650591,7.907066,47.236835,52.688816,31.248033,19.410655,2.961775,-23.340967,27.82618
"470","CLE",2020,42.604325,8.958739,32.000983,54.206006,8.898235,43.409823,-11.601681,0.0605039999999999,-11.40884
"471","DAL",2020,44.249097,18.204448,17.339079,88.835418,41.921381,45.904327,-44.586321,-23.716933,-28.565248
"472","DEN",2020,53.639392,12.147977,41.491415,66.809596,36.361109,30.195142,-13.170204,-24.213132,11.296273
"473","DET",2020,74.367812,34.445569,37.139054,113.799027,69.294318,38.245019,-39.431215,-34.848749,-1.105965
"474","GB",2020,23.399907,5.152998,18.246909,75.09719,41.249526,32.186845,-51.697283,-36.096528,-13.939936
"475","HOU",2020,162.002092,83.665437,74.25702,110.554453,45.615923,61.438968,51.447639,38.049514,12.818052
"476","IND",2020,39.789981,14.503562,24.180159,42.158803,18.470121,23.688682,-2.368822,-3.966559,0.491477
"477","JAX",2020,119.827405,45.309479,70.490257,73.195048,32.301753,38.227601,46.632357,13.007726,32.262656
"478","KC",2020,57.366835,46.064866,11.301969,32.816045,21.418613,9.752829,24.55079,24.646253,1.54914
"479","LA",2020,22.381178,7.428093,13.422,68.702964,21.055515,42.188096,-46.321786,-13.627422,-28.766096
"480","LAC",2020,68.532075,46.600854,17.252747,95.139986,53.568659,38.950503,-26.607911,-6.967805,-21.697756
"481","LV",2020,64.722206,28.489889,36.232317,97.403728,55.60853,40.278798,-32.681522,-27.118641,-4.046481
"482","MIA",2020,76.521774,48.802743,25.577223,66.016708,24.33813,37.111177,10.505066,24.464613,-11.533954
"483","MIN",2020,62.728991,6.381225,52.137969,70.215615,26.12357,44.092045,-7.486624,-19.742345,8.045924
"484","NE",2020,103.102146,53.811394,49.290752,89.552727,69.639134,19.913593,13.549419,-15.82774,29.377159
"485","NO",2020,61.71267,39.040899,18.173055,73.601708,29.222192,44.379516,-11.889038,9.818707,-26.206461
"486","NYG",2020,105.581017,63.819304,41.761713,42.768265,16.19096,25.04622,62.812752,47.628344,16.715493
"487","NYJ",2020,108.315077,63.495508,41.279494,47.293969,20.819998,25.173587,61.021108,42.67551,16.105907
"488","PHI",2020,30.853164,7.757967,21.807562,55.774431,15.32608,36.368716,-24.921267,-7.568113,-14.561154
"489","PIT",2020,40.26301,24.540032,11.51775,41.449972,19.32273,16.997233,-1.186962,5.217302,-5.479483
"490","SEA",2020,58.36712,23.075477,35.291643,72.948057,20.41288,52.535177,-14.580937,2.662597,-17.243534
"491","SF",2020,45.59635,26.195561,18.894099,70.619222,46.774812,23.458885,-25.022872,-20.579251,-4.564786
"492","TB",2020,26.881302,12.145272,13.045891,34.552663,17.789765,15.569605,-7.671361,-5.644493,-2.523714
"493","TEN",2020,96.34746,22.997953,68.164036,84.59935,26.710337,53.184742,11.74811,-3.712384,14.979294
"494","WAS",2020,81.965553,54.511682,27.453871,52.843857,15.546448,35.399461,29.121696,38.965234,-7.94559
"495","ARI",2021,44.904651,24.303332,18.397087,34.616862,9.236632,25.38023,10.287789,15.0667,-6.983143
"496","ATL",2021,72.925512,33.267178,35.199449,83.897478,37.851297,42.462309,-10.971966,-4.584119,-7.26286
"497","BAL",2021,58.911623,17.582414,41.329209,42.503784,16.065625,25.492741,16.407839,1.516789,15.836468
"498","BUF",2021,71.107613,37.905889,31.495278,51.926666,24.09318,25.017348,19.180947,13.812709,6.47793
"499","CAR",2021,63.989844,25.067656,34.315791,64.342958,31.336199,31.78375,-0.353113999999998,-6.268543,2.532041
"500","CHI",2021,93.870844,43.200778,50.298336,131.373541,75.435338,53.256166,-37.502697,-32.23456,-2.95783
"501","CIN",2021,34.238753,31.909404,2.329349,53.976844,21.794552,32.182292,-19.738091,10.114852,-29.852943
"502","CLE",2021,105.326748,82.864648,18.995568,41.602036,24.804145,15.065475,63.724712,58.060503,3.930093
"503","DAL",2021,26.294772,8.5647,13.170192,39.78911,29.137626,7.969447,-13.494338,-20.572926,5.200745
"504","DEN",2021,110.999357,79.508584,30.3233,59.472306,20.284827,37.481033,51.527051,59.223757,-7.157733
"505","DET",2021,49.978258,27.340195,15.329251,44.834763,17.109378,26.619045,5.14349499999999,10.230817,-11.289794
"506","GB",2021,35.504365,7.964577,24.857751,56.011865,29.843266,23.530548,-20.5075,-21.878689,1.327203
"507","HOU",2021,55.138594,28.882492,26.256102,108.92517,77.313188,31.611982,-53.786576,-48.430696,-5.35588
"508","IND",2021,56.91353,17.854517,35.938643,70.255041,27.028238,35.214359,-13.341511,-9.173721,0.724283999999997
"509","JAX",2021,129.974543,69.953621,57.597434,78.455098,46.660135,28.129067,51.519445,23.293486,29.468367
"510","KC",2021,68.092686,31.040469,35.880615,115.247095,64.986317,50.260778,-47.154409,-33.945848,-14.380163
"511","LA",2021,56.802244,37.94881,17.09375,57.484632,21.288448,29.401916,-0.682387999999996,16.660362,-12.308166
"512","LAC",2021,48.869529,24.243171,20.591681,53.567887,17.601713,31.83262,-4.698358,6.641458,-11.240939
"513","LV",2021,95.68357,40.970491,54.713079,101.846673,50.299574,51.547099,-6.16310300000001,-9.329083,3.16598
"514","MIA",2021,90.412003,76.167379,12.538178,65.898644,50.873229,13.151745,24.513359,25.29415,-0.613567
"515","MIN",2021,41.917106,11.868461,30.048645,61.221771,25.138134,34.794428,-19.304665,-13.269673,-4.745783
"516","NE",2021,33.699464,19.337795,12.487999,45.311685,31.545286,13.766399,-11.612221,-12.207491,-1.2784
"517","NO",2021,69.446502,34.359808,35.086694,44.467559,15.025486,27.142077,24.978943,19.334322,7.944617
"518","NYG",2021,72.954786,45.484663,24.841728,106.05217,60.042435,44.621781,-33.097384,-14.557772,-19.780053
"519","NYJ",2021,110.366018,67.64972,39.662531,81.527247,43.561903,36.765133,28.838771,24.087817,2.897398
"520","PHI",2021,68.626166,44.522975,21.486061,37.896387,11.126562,26.769825,30.729779,33.396413,-5.283764
"521","PIT",2021,99.118797,40.466502,58.226254,39.273407,23.661111,10.976414,59.84539,16.805391,47.24984
"522","SEA",2021,68.952827,25.17358,41.591376,112.896504,78.226352,34.670152,-43.943677,-53.052772,6.921224
"523","SF",2021,80.532992,28.236858,52.018543,72.048343,37.904727,34.143616,8.48464899999999,-9.667869,17.874927
"524","TB",2021,61.575949,29.922711,31.653238,37.699641,16.220825,19.095559,23.876308,13.701886,12.557679
"525","TEN",2021,48.94118,29.14811,17.9194,103.090447,80.5539,19.641826,-54.149267,-51.40579,-1.722426
"526","WAS",2021,34.757808,30.261244,4.496564,63.31502,36.923104,26.391916,-28.557212,-6.66186,-21.895352
"527","ARI",2022,81.517582,33.979414,46.370695,68.165425,19.624992,48.540433,13.352157,14.354422,-2.169738
"528","ATL",2022,100.360514,34.545845,64.734879,66.602215,20.622693,45.979522,33.758299,13.923152,18.755357
"529","BAL",2022,39.477499,23.576066,14.560081,58.270745,40.714148,17.556597,-18.793246,-17.138082,-2.996516
"530","BUF",2022,55.167357,39.973838,14.833589,56.644012,23.029268,33.614744,-1.476655,16.94457,-18.781155
"531","CAR",2022,124.352907,66.647001,56.183223,38.650984,14.148783,24.502201,85.701923,52.498218,31.681022
"532","CHI",2022,95.971908,42.474574,52.869134,65.24082,35.591612,29.649208,30.731088,6.882962,23.219926
"533","CIN",2022,14.203062,6.531271,7.671791,35.270361,19.845057,15.425304,-21.067299,-13.313786,-7.753513
"534","CLE",2022,70.159235,23.934651,45.026884,46.87801,26.033939,19.495267,23.281225,-2.099288,25.531617
"535","DAL",2022,40.910955,15.663889,22.374958,63.325679,33.465327,22.240227,-22.414724,-17.801438,0.134730999999999
"536","DEN",2022,112.400379,76.188462,34.038429,78.499942,35.700712,37.238,33.900437,40.48775,-3.199571
"537","DET",2022,75.073736,37.947284,33.323344,52.536343,20.770838,30.550587,22.537393,17.176446,2.772757
"538","GB",2022,21.950849,3.42886,17.590494,115.464058,86.885241,24.806884,-93.513209,-83.456381,-7.21639
"539","HOU",2022,108.412173,53.174934,53.264956,60.443007,44.46306,15.979947,47.969166,8.711874,37.285009
"540","IND",2022,58.154237,37.793173,13.374854,69.480695,25.476272,42.241041,-11.326458,12.316901,-28.866187
"541","JAX",2022,17.208088,10.433001,4.291101,25.126546,16.228492,7.163814,-7.918458,-5.795491,-2.872713
"542","KC",2022,35.842375,13.763689,22.078686,51.408339,24.399542,25.486114,-15.565964,-10.635853,-3.407428
"543","LA",2022,36.40814,22.07083,9.433301,87.731197,32.363203,46.208296,-51.323057,-10.292373,-36.774995
"544","LAC",2022,32.042531,11.038338,21.004193,29.424017,13.318496,16.105521,2.618514,-2.280158,4.898672
"545","LV",2022,90.965581,62.557307,26.292333,109.199671,64.373483,41.95408,-18.23409,-1.81617600000001,-15.661747
"546","MIA",2022,36.772301,23.6191,11.622445,52.065992,29.057174,19.92557,-15.293691,-5.438074,-8.303125
"547","MIN",2022,63.384503,34.959534,28.424969,69.853703,19.521902,50.331801,-6.46919999999999,15.437632,-21.906832
"548","NE",2022,41.760563,28.521608,11.741112,68.681525,55.221879,10.437257,-26.920962,-26.700271,1.303855
"549","NO",2022,103.501124,72.078267,31.422857,74.150057,30.989025,40.793794,29.351067,41.089242,-9.370937
"550","NYG",2022,67.144675,30.542813,31.625361,53.334297,28.489622,24.075757,13.810378,2.053191,7.549604
"551","NYJ",2022,113.953373,79.0607,30.594507,62.126769,36.924291,22.330163,51.826604,42.136409,8.264344
"552","PHI",2022,36.081789,15.743703,17.465771,91.894679,35.899235,55.995444,-55.81289,-20.155532,-38.529673
"553","PIT",2022,86.279179,32.029608,53.480653,63.662109,26.832928,36.829181,22.61707,5.19668,16.651472
"554","SEA",2022,56.170146,7.950187,48.219959,65.871675,24.894884,38.188517,-9.70152899999999,-16.944697,10.031442
"555","SF",2022,70.124307,21.128946,48.995361,92.538629,54.742903,37.795726,-22.414322,-33.613957,11.199635
"556","TB",2022,40.975503,20.461844,19.110207,33.416348,13.889735,19.526613,7.559155,6.572109,-0.416406000000002
"557","TEN",2022,48.686021,9.27868,39.407341,84.720934,41.702494,40.110603,-36.034913,-32.423814,-0.703261999999995
"558","WAS",2022,49.931519,26.797512,21.642374,34.665328,22.673699,11.991629,15.266191,4.123813,9.650745
"559","ARI",2023,62.121274,11.65436,46.983401,41.353328,22.486629,17.866433,20.767946,-10.832269,29.116968
"560","ATL",2023,112.563835,81.790261,28.713135,43.09883,22.348169,18.851358,69.465005,59.442092,9.861777
"561","BAL",2023,25.163322,14.921677,10.241645,80.723961,39.029536,40.094728,-55.560639,-24.107859,-29.853083
"562","BUF",2023,36.717492,27.192044,9.279481,60.672651,37.855104,21.948463,-23.955159,-10.66306,-12.668982
"563","CAR",2023,90.562795,49.511096,41.051699,38.166502,8.903791,28.770777,52.396293,40.607305,12.280922
"564","CHI",2023,55.655737,26.233647,25.823743,56.919414,33.175494,19.905803,-1.26367699999999,-6.941847,5.91794
"565","CIN",2023,38.799617,11.803362,26.258354,50.489615,16.880923,33.608692,-11.689998,-5.077561,-7.350338
"566","CLE",2023,62.289474,44.943544,14.402523,44.284898,18.615008,23.855418,18.004576,26.328536,-9.452895
"567","DAL",2023,34.641891,9.039161,25.60273,47.298263,26.725767,20.572496,-12.656372,-17.686606,5.030234
"568","DEN",2023,39.932895,5.767946,34.164949,58.774913,33.832461,24.942452,-18.842018,-28.064515,9.222497
"569","DET",2023,52.655704,16.69791,35.711827,37.357602,28.817067,6.680356,15.298102,-12.119157,29.031471
"570","GB",2023,44.224662,22.011098,20.890808,43.323119,15.04302,26.72504,0.901542999999997,6.968078,-5.834232
"571","HOU",2023,74.016021,36.252054,34.484406,72.841085,21.398917,48.162607,1.17493599999999,14.853137,-13.678201
"572","IND",2023,27.617378,13.534712,14.082666,30.038961,26.73116,3.307801,-2.421583,-13.196448,10.774865
"573","JAX",2023,29.46937,19.057417,10.411953,67.183477,35.213923,30.646798,-37.714107,-16.156506,-20.234845
"574","KC",2023,23.205519,18.492353,3.844082,75.851305,21.95652,50.615224,-52.645786,-3.464167,-46.771142
"575","LA",2023,44.044272,33.068891,10.975381,18.543732,9.057055,8.994743,25.50054,24.011836,1.980638
"576","LAC",2023,62.979143,27.974974,35.004169,50.450685,30.954105,19.49658,12.528458,-2.979131,15.507589
"577","LV",2023,62.162226,30.377809,31.784417,57.017863,36.813903,20.20396,5.144363,-6.436094,11.580457
"578","MIA",2023,59.96818,23.992616,33.606287,93.331329,32.704005,60.627324,-33.363149,-8.711389,-27.021037
"579","MIN",2023,64.440263,30.440673,33.99959,93.685636,62.685549,30.669507,-29.245373,-32.244876,3.330083
"580","NE",2023,33.068292,21.868808,9.567902,48.904961,24.762214,19.519586,-15.836669,-2.893406,-9.951684
"581","NO",2023,24.784933,15.406903,9.37803,28.676451,11.036672,17.639779,-3.891518,4.370231,-8.261749
"582","NYG",2023,52.645211,31.411969,21.233242,97.003836,50.258696,44.269071,-44.358625,-18.846727,-23.035829
"583","NYJ",2023,49.513111,24.257503,23.369969,36.929141,16.016471,20.91267,12.58397,8.241032,2.457299
"584","PHI",2023,53.866873,41.541733,12.32514,44.718249,25.760151,18.958098,9.148624,15.781582,-6.632958
"585","PIT",2023,72.847619,27.527834,40.900576,26.509335,10.098449,13.221512,46.338284,17.429385,27.679064
"586","SEA",2023,34.993176,16.118934,18.382308,72.642494,41.556295,31.086199,-37.649318,-25.437361,-12.703891
"587","SF",2023,57.058291,20.315133,35.089822,56.750362,27.194915,27.003291,0.307928999999994,-6.879782,8.086531
"588","TB",2023,29.318279,12.536291,13.321142,15.575998,7.220658,7.3636,13.742281,5.315633,5.957542
"589","TEN",2023,127.080249,48.104937,78.483378,71.634723,28.331986,42.810803,55.445526,19.772951,35.672575
"590","WAS",2023,79.491563,43.382805,31.956905,57.145948,33.765842,21.994491,22.345615,9.616963,9.962414
"591","ARI",2024,47.3375,15.4875,31.85,13.4975,2.6925,10.805,33.84,12.795,21.045
"592","ATL",2024,35.875,13.895,21.98,43.0025,20.8625,22.14,-7.1275,-6.9675,-0.16
"593","BAL",2024,19.485,11.28,8.205,49.1775,20.7725,28.405,-29.6925,-9.4925,-20.2
"594","BUF",2024,40.361735,21.005,18.396735,14.387076,7.6125,5.174576,25.974659,13.3925,13.222159
"595","CAR",2024,49.145834,8.0175,38.358334,23.5545,8.027,13.265,25.591334,-0.00949999999999918,25.093334
"596","CHI",2024,84.595833,59.090833,25.505,20.905,17.2275,3.6775,63.690833,41.863333,21.8275
"597","CIN",2024,21.8125,8.71,13.1025,32.9625,10.2875,20.7925,-11.15,-1.5775,-7.69
"598","CLE",2024,37.425865,16.4325,20.993365,44.3125,14.78,28.11,-6.886635,1.6525,-7.116635
"599","DAL",2024,18.16,10.455,7.705,31.285,16.87,14.415,-13.125,-6.415,-6.71
"600","DEN",2024,47.91,19.0725,28.8375,46.624839,28.239839,15.385,1.285161,-9.167339,13.4525
"601","DET",2024,43.375,11.4975,31.8775,43.955,15.7575,28.1975,-0.579999999999998,-4.26,3.68
"602","GB",2024,42.7875,25.59,17.1975,25.7875,7.7975,17.99,17,17.7925,-0.792499999999997
"603","HOU",2024,44.84,18.955,24.715,50.319167,31.016667,17.88,-5.479167,-12.061667,6.835
"604","IND",2024,41.88,15.3375,25.2875,61.602365,40.2215,17.055865,-19.722365,-24.884,8.231635
"605","JAX",2024,63.1875,42.6775,20.51,50.2325,31.5875,17.545,12.955,11.09,2.965
"606","KC",2024,19.5775,5.61,13.9675,64.284167,30.17,32.859167,-44.706667,-24.56,-18.891667
"607","LA",2024,46.119342,30.9,15.219342,52.325833,44.648333,7.6775,-6.20649099999999,-13.748333,7.541842
"608","LAC",2024,45.255,30.29,14.965,52.084167,21.514167,30.57,-6.829167,8.775833,-15.605
"609","LV",2024,83.496125,54.6395,28.856625,67.6425,12.5375,55.105,15.853625,42.102,-26.248375
"610","MIA",2024,64.68252,26.0525,35.48252,63.1425,31.5875,27.96,1.54002,-5.535,7.52252
"611","MIN",2024,87.0715,37.759,49.3125,80.708904,63.775,16.933904,6.362596,-26.016,32.378596
"612","NE",2024,103.72756,41.20756,62.52,33.7095,12.7125,17.3375,70.01806,28.49506,45.1825
"613","NO",2024,41.9025,14.12,27.7825,39.721772,12.1675,27.554272,2.18072799999999,1.9525,0.228227999999998
"614","NYG",2024,64.6125,19.4175,45.195,31.905444,14.46,17.445444,32.707056,4.9575,27.749556
"615","NYJ",2024,69.973904,29.1175,36.218904,103.695393,49.378393,51.7245,-33.721489,-20.260893,-15.505596
"616","PHI",2024,11.605,5.6675,4.515,68.794792,20.335,48.459792,-57.189792,-14.6675,-43.944792
"617","PIT",2024,74.8675,41.29,31.2225,95.491735,58.8875,36.604235,-20.624235,-17.5975,-5.381735
"618","SEA",2024,68.4275,61.5925,5.665,70.0625,55.005,15.0575,-1.63500000000001,6.5875,-9.3925
"619","SF",2024,47.765,26.4425,17.3075,111.515,37.395,74.12,-63.75,-10.9525,-56.8125
"620","TB",2024,11.387,4.085,3.36,17.2225,10.3475,6.875,-5.8355,-6.2625,-3.515
"621","TEN",2024,62.034111,38.497339,20.819272,30.4825,11.69,13.0225,31.551611,26.807339,7.796772
"622","WAS",2024,45.326667,10.311667,30.69,51.615842,14.14,37.475842,-6.289175,-3.828333,-6.785842
